timestamp,container_id,commodity,origin,destination,temperature,humidity,vibration,temperature_risk,humidity_risk,risk_status
2026-10-02 17:33:16,C003,Apple,Pune,Hyderabad,27.32,64.26,0.43,False,False,NORMAL
2026-10-02 17:33:17,C001,Tomato,Hyderabad,Mumbai,28.4,75.28,0.06,False,True,RISK
2026-10-02 17:33:17,C003,Apple,Pune,Hyderabad,29.02,57.48,0.27,False,False,NORMAL
2026-10-02 17:33:18,C001,Tomato,Hyderabad,Mumbai,34.96,51.23,0.16,True,False,RISK
2026-10-02 17:33:18,C003,Apple,Pune,Hyderabad,23.1,52.65,0.2,False,False,NORMAL
2026-10-02 17:33:19,C004,Banana,Chennai,Mumbai,26.93,62.68,0.48,False,False,NORMAL
2026-10-02 17:33:19,C005,Potato,Hyderabad,Pune,30.93,79.8,0.44,True,True,RISK
2026-10-02 17:33:20,C002,Mango,Bengaluru,Chennai,23.5,76.7,0.1,False,True,RISK
2026-10-02 17:33:20,C005,Potato,Hyderabad,Pune,23.68,50.64,0.09,False,False,NORMAL
2026-10-02 17:33:21,C005,Potato,Hyderabad,Pune,21.61,62.56,0.18,False,False,NORMAL
2026-10-02 17:33:21,C005,Potato,Hyderabad,Pune,32.95,83.02,0.17,True,True,RISK
2026-10-02 17:33:22,C003,Apple,Pune,Hyderabad,20.55,69.14,0.35,False,False,NORMAL
2026-10-02 17:33:22,C001,Tomato,Hyderabad,Mumbai,28.07,64.79,0.26,False,False,NORMAL
2026-10-02 17:33:23,C001,Tomato,Hyderabad,Mumbai,31.21,78.51,0.16,True,True,RISK
2026-10-02 17:33:23,C005,Potato,Hyderabad,Pune,20.81,88.4,0.37,False,True,RISK
2026-10-02 17:33:24,C002,Mango,Bengaluru,Chennai,27.2,86.89,0.06,False,True,RISK
2026-10-02 17:33:24,C003,Apple,Pune,Hyderabad,25.69,63.86,0.16,False,False,NORMAL
2026-10-02 17:33:25,C004,Banana,Chennai,Mumbai,29.23,62.17,0.45,False,False,NORMAL
2026-10-02 17:33:25,C001,Tomato,Hyderabad,Mumbai,27.75,89.77,0.38,False,True,RISK
2026-10-02 17:33:26,C001,Tomato,Hyderabad,Mumbai,20.44,74.35,0.19,False,False,NORMAL
2026-10-06 23:07:57,C002,Mango,Bengaluru,Chennai,29.21,87.54,0.11,False,True,RISK
2026-10-06 23:07:57,C001,Tomato,Hyderabad,Mumbai,23.13,60.39,0.39,False,False,NORMAL
2026-10-06 23:07:58,C003,Apple,Pune,Hyderabad,31.56,79.01,0.45,True,True,RISK
2026-10-06 23:07:58,C001,Tomato,Hyderabad,Mumbai,29.55,52.34,0.17,False,False,NORMAL
2026-10-06 23:07:59,C005,Potato,Hyderabad,Pune,26.29,52.33,0.4,False,False,NORMAL
2026-10-06 23:07:59,C005,Potato,Hyderabad,Pune,31.9,87.35,0.13,True,True,RISK
2026-10-06 23:08:00,C001,Tomato,Hyderabad,Mumbai,23.34,80.84,0.49,False,True,RISK
2026-10-06 23:08:00,C002,Mango,Bengaluru,Chennai,29.16,53.7,0.27,False,False,NORMAL
2026-10-06 23:08:01,C003,Apple,Pune,Hyderabad,32.3,74.37,0.5,True,False,RISK
2026-10-06 23:08:01,C002,Mango,Bengaluru,Chennai,33.13,59.54,0.14,True,False,RISK
2026-10-06 23:08:02,C004,Banana,Chennai,Mumbai,34.29,69.34,0.29,True,False,RISK
2026-10-06 23:08:02,C002,Mango,Bengaluru,Chennai,31.67,54.45,0.06,True,False,RISK
2026-10-06 23:08:03,C005,Potato,Hyderabad,Pune,20.35,56.47,0.13,False,False,NORMAL
2026-10-06 23:08:03,C002,Mango,Bengaluru,Chennai,23.54,60.26,0.36,False,False,NORMAL
2026-10-06 23:08:04,C001,Tomato,Hyderabad,Mumbai,26.42,74.83,0.15,False,False,NORMAL
2026-10-06 23:08:04,C004,Banana,Chennai,Mumbai,24.66,50.24,0.27,False,False,NORMAL
2026-10-06 23:08:05,C002,Mango,Bengaluru,Chennai,22.3,56.89,0.14,False,False,NORMAL
2026-10-06 23:08:05,C004,Banana,Chennai,Mumbai,27.59,86.18,0.15,False,True,RISK
2026-10-06 23:08:06,C005,Potato,Hyderabad,Pune,23.09,76.52,0.45,False,True,RISK
2026-10-06 23:08:06,C003,Apple,Pune,Hyderabad,31.22,57.42,0.1,True,False,RISK
2026-10-02 16:51:30,C005,Potato,Hyderabad,Pune,25.6,65.46,0.46,False,False,NORMAL
2026-10-02 16:51:31,C001,Tomato,Hyderabad,Mumbai,31.2,85.3,0.48,True,True,RISK
2026-10-02 16:51:31,C002,Mango,Bengaluru,Chennai,27.81,76.92,0.28,False,True,RISK
2026-10-02 16:51:32,C004,Banana,Chennai,Mumbai,27.51,64.23,0.21,False,False,NORMAL
2026-10-02 16:51:32,C003,Apple,Pune,Hyderabad,31.7,67.26,0.09,True,False,RISK
2026-10-02 16:51:33,C001,Tomato,Hyderabad,Mumbai,27.97,79.94,0.33,False,True,RISK
2026-10-02 16:51:33,C003,Apple,Pune,Hyderabad,30.41,81.6,0.13,True,True,RISK
2026-10-02 16:51:34,C002,Mango,Bengaluru,Chennai,26.29,56.26,0.44,False,False,NORMAL
2026-10-02 16:51:34,C003,Apple,Pune,Hyderabad,24.63,72.91,0.2,False,False,NORMAL
2026-10-02 16:51:35,C003,Apple,Pune,Hyderabad,32.55,79.46,0.12,True,True,RISK
2026-10-02 16:51:35,C004,Banana,Chennai,Mumbai,30.32,87.02,0.13,True,True,RISK
2026-10-02 16:51:36,C003,Apple,Pune,Hyderabad,33.68,80.02,0.3,True,True,RISK
2026-10-02 16:51:36,C001,Tomato,Hyderabad,Mumbai,26.75,57.51,0.32,False,False,NORMAL
2026-10-02 16:51:37,C004,Banana,Chennai,Mumbai,26.8,82.5,0.44,False,True,RISK
2026-10-02 16:51:37,C005,Potato,Hyderabad,Pune,20.86,76.93,0.16,False,True,RISK
2026-10-02 16:51:38,C005,Potato,Hyderabad,Pune,34.52,51.82,0.25,True,False,RISK
2026-10-02 16:51:38,C004,Banana,Chennai,Mumbai,27.32,85.78,0.15,False,True,RISK
2026-10-02 16:51:39,C001,Tomato,Hyderabad,Mumbai,20.9,55.1,0.49,False,False,NORMAL
2026-10-02 16:51:39,C004,Banana,Chennai,Mumbai,21.21,75.7,0.08,False,True,RISK
2026-10-02 16:51:40,C001,Tomato,Hyderabad,Mumbai,23.6,54.48,0.44,False,False,NORMAL
2026-10-02 17:20:37,C003,Apple,Pune,Hyderabad,23.96,68.48,0.11,False,False,NORMAL
2026-10-02 17:20:37,C005,Potato,Hyderabad,Pune,29.41,75.48,0.31,False,True,RISK
2026-10-02 17:20:38,C001,Tomato,Hyderabad,Mumbai,29.46,89.84,0.19,False,True,RISK
2026-10-02 17:20:38,C001,Tomato,Hyderabad,Mumbai,22.8,58.99,0.22,False,False,NORMAL
2026-10-02 17:20:39,C005,Potato,Hyderabad,Pune,33.14,60.71,0.33,True,False,RISK
2026-10-02 17:20:39,C005,Potato,Hyderabad,Pune,34.64,87.27,0.3,True,True,RISK
2026-10-02 17:20:40,C003,Apple,Pune,Hyderabad,34.44,81.42,0.06,True,True,RISK
2026-10-02 17:20:40,C001,Tomato,Hyderabad,Mumbai,30.17,72.35,0.38,True,False,RISK
2026-10-02 17:20:41,C004,Banana,Chennai,Mumbai,30.94,60.29,0.36,True,False,RISK
2026-10-02 17:20:42,C005,Potato,Hyderabad,Pune,33.07,88.16,0.26,True,True,RISK
2026-10-02 17:20:42,C004,Banana,Chennai,Mumbai,25.42,52.76,0.3,False,False,NORMAL
2026-10-02 17:20:43,C003,Apple,Pune,Hyderabad,32.15,56.91,0.47,True,False,RISK
2026-10-02 17:20:43,C005,Potato,Hyderabad,Pune,33.84,70.9,0.45,True,False,RISK
2026-10-02 17:20:44,C004,Banana,Chennai,Mumbai,27.61,60.67,0.17,False,False,NORMAL
2026-10-02 17:20:44,C005,Potato,Hyderabad,Pune,23.25,80.63,0.16,False,True,RISK
2026-10-02 17:20:45,C005,Potato,Hyderabad,Pune,27.94,60.92,0.36,False,False,NORMAL
2026-10-02 17:20:45,C005,Potato,Hyderabad,Pune,32.02,80.66,0.49,True,True,RISK
2026-10-02 17:20:46,C005,Potato,Hyderabad,Pune,24.82,59.21,0.45,False,False,NORMAL
2026-10-02 17:20:46,C003,Apple,Pune,Hyderabad,21.23,75.55,0.27,False,True,RISK
2026-10-02 17:20:47,C003,Apple,Pune,Hyderabad,33.45,59.53,0.37,True,False,RISK
2026-10-02 17:33:16,C003,Apple,Pune,Hyderabad,27.32,64.26,0.43,False,False,NORMAL
2026-10-02 17:33:17,C001,Tomato,Hyderabad,Mumbai,28.4,75.28,0.06,False,True,RISK
2026-10-02 17:33:17,C003,Apple,Pune,Hyderabad,29.02,57.48,0.27,False,False,NORMAL
2026-10-02 17:33:18,C001,Tomato,Hyderabad,Mumbai,34.96,51.23,0.16,True,False,RISK
2026-10-02 17:33:18,C003,Apple,Pune,Hyderabad,23.1,52.65,0.2,False,False,NORMAL
2026-10-02 17:33:19,C004,Banana,Chennai,Mumbai,26.93,62.68,0.48,False,False,NORMAL
2026-10-02 17:33:19,C005,Potato,Hyderabad,Pune,30.93,79.8,0.44,True,True,RISK
2026-10-02 17:33:20,C002,Mango,Bengaluru,Chennai,23.5,76.7,0.1,False,True,RISK
2026-10-02 17:33:20,C005,Potato,Hyderabad,Pune,23.68,50.64,0.09,False,False,NORMAL
2026-10-02 17:33:21,C005,Potato,Hyderabad,Pune,21.61,62.56,0.18,False,False,NORMAL
2026-10-02 17:33:21,C005,Potato,Hyderabad,Pune,32.95,83.02,0.17,True,True,RISK
2026-10-02 17:33:22,C003,Apple,Pune,Hyderabad,20.55,69.14,0.35,False,False,NORMAL
2026-10-02 17:33:22,C001,Tomato,Hyderabad,Mumbai,28.07,64.79,0.26,False,False,NORMAL
2026-10-02 17:33:23,C001,Tomato,Hyderabad,Mumbai,31.21,78.51,0.16,True,True,RISK
2026-10-02 17:33:23,C005,Potato,Hyderabad,Pune,20.81,88.4,0.37,False,True,RISK
2026-10-02 17:33:24,C002,Mango,Bengaluru,Chennai,27.2,86.89,0.06,False,True,RISK
2026-10-02 17:33:24,C003,Apple,Pune,Hyderabad,25.69,63.86,0.16,False,False,NORMAL
2026-10-02 17:33:25,C004,Banana,Chennai,Mumbai,29.23,62.17,0.45,False,False,NORMAL
2026-10-02 17:33:25,C001,Tomato,Hyderabad,Mumbai,27.75,89.77,0.38,False,True,RISK
2026-10-02 17:33:26,C001,Tomato,Hyderabad,Mumbai,20.44,74.35,0.19,False,False,NORMAL
2026-10-06 23:07:57,C002,Mango,Bengaluru,Chennai,29.21,87.54,0.11,False,True,RISK
2026-10-06 23:07:57,C001,Tomato,Hyderabad,Mumbai,23.13,60.39,0.39,False,False,NORMAL
2026-10-06 23:07:58,C003,Apple,Pune,Hyderabad,31.56,79.01,0.45,True,True,RISK
2026-10-06 23:07:58,C001,Tomato,Hyderabad,Mumbai,29.55,52.34,0.17,False,False,NORMAL
2026-10-06 23:07:59,C005,Potato,Hyderabad,Pune,26.29,52.33,0.4,False,False,NORMAL
2026-10-06 23:07:59,C005,Potato,Hyderabad,Pune,31.9,87.35,0.13,True,True,RISK
2026-10-06 23:08:00,C001,Tomato,Hyderabad,Mumbai,23.34,80.84,0.49,False,True,RISK
2026-10-06 23:08:00,C002,Mango,Bengaluru,Chennai,29.16,53.7,0.27,False,False,NORMAL
2026-10-06 23:08:01,C003,Apple,Pune,Hyderabad,32.3,74.37,0.5,True,False,RISK
2026-10-06 23:08:01,C002,Mango,Bengaluru,Chennai,33.13,59.54,0.14,True,False,RISK
2026-10-06 23:08:02,C004,Banana,Chennai,Mumbai,34.29,69.34,0.29,True,False,RISK
2026-10-06 23:08:02,C002,Mango,Bengaluru,Chennai,31.67,54.45,0.06,True,False,RISK
2026-10-06 23:08:03,C005,Potato,Hyderabad,Pune,20.35,56.47,0.13,False,False,NORMAL
2026-10-06 23:08:03,C002,Mango,Bengaluru,Chennai,23.54,60.26,0.36,False,False,NORMAL
2026-10-06 23:08:04,C001,Tomato,Hyderabad,Mumbai,26.42,74.83,0.15,False,False,NORMAL
2026-10-06 23:08:04,C004,Banana,Chennai,Mumbai,24.66,50.24,0.27,False,False,NORMAL
2026-10-06 23:08:05,C002,Mango,Bengaluru,Chennai,22.3,56.89,0.14,False,False,NORMAL
2026-10-06 23:08:05,C004,Banana,Chennai,Mumbai,27.59,86.18,0.15,False,True,RISK
2026-10-06 23:08:06,C005,Potato,Hyderabad,Pune,23.09,76.52,0.45,False,True,RISK
2026-10-06 23:08:06,C003,Apple,Pune,Hyderabad,31.22,57.42,0.1,True,False,RISK
