timestamp,container_id,commodity,origin,destination,temperature,humidity,vibration
2026-10-02 15:43:55,C001,Tomato,Hyderabad,Mumbai,26.75,63.34,0.23
2026-10-02 15:43:56,C002,Mango,Bengaluru,Chennai,22.73,66.97,0.11
2026-10-02 15:43:57,C001,Tomato,Hyderabad,Mumbai,27.59,58.36,0.17
2026-10-02 15:43:58,C004,Banana,Chennai,Mumbai,24.51,64.0,0.24
2026-10-02 15:43:59,C005,Potato,Hyderabad,Pune,27.28,64.71,0.16
2026-10-02 15:44:00,C004,Banana,Chennai,Mumbai,22.87,57.85,0.13
2026-10-02 15:44:01,C002,Mango,Bengaluru,Chennai,28.07,61.39,0.28
2026-10-02 15:44:02,C002,Mango,Bengaluru,Chennai,28.28,64.88,0.16
2026-10-02 15:44:03,C004,Banana,Chennai,Mumbai,27.5,66.01,0.27
2026-10-02 15:44:04,C005,Potato,Hyderabad,Pune,24.08,56.66,0.16
2026-10-02 15:44:05,C005,Potato,Hyderabad,Pune,27.67,66.62,0.3
2026-10-02 15:44:06,C002,Mango,Bengaluru,Chennai,25.0,62.86,0.11
2026-10-02 15:44:07,C005,Potato,Hyderabad,Pune,24.67,63.43,0.17
2026-10-02 15:44:08,C004,Banana,Chennai,Mumbai,23.11,65.13,0.28
2026-10-02 15:44:09,C003,Apple,Pune,Hyderabad,22.96,66.85,0.06
2026-10-02 15:44:10,C004,Banana,Chennai,Mumbai,22.42,65.45,0.23
2026-10-02 15:44:11,C005,Potato,Hyderabad,Pune,23.73,61.04,0.27
2026-10-02 15:44:12,C001,Tomato,Hyderabad,Mumbai,25.66,60.76,0.24
2026-10-02 15:44:13,C005,Potato,Hyderabad,Pune,25.21,69.64,0.09
2026-10-02 15:44:14,C001,Tomato,Hyderabad,Mumbai,27.1,57.4,0.1
2026-10-02 15:44:15,C003,Apple,Pune,Hyderabad,24.63,67.08,0.13
2026-10-02 15:44:16,C004,Banana,Chennai,Mumbai,26.58,59.2,0.18
2026-10-02 15:44:17,C004,Banana,Chennai,Mumbai,27.59,72.56,0.11
2026-10-02 15:44:18,C005,Potato,Hyderabad,Pune,24.48,63.63,0.26
2026-10-02 15:44:19,C002,Mango,Bengaluru,Chennai,29.94,64.58,0.22
2026-10-02 15:44:20,C003,Apple,Pune,Hyderabad,24.52,62.75,0.23
2026-10-02 15:44:21,C005,Potato,Hyderabad,Pune,29.69,59.33,0.11
2026-10-02 15:44:22,C003,Apple,Pune,Hyderabad,26.58,62.06,0.26
2026-10-02 15:44:23,C005,Potato,Hyderabad,Pune,24.65,68.7,0.06
2026-10-02 15:44:24,C003,Apple,Pune,Hyderabad,22.39,61.84,0.28
2026-10-02 15:44:25,C002,Mango,Bengaluru,Chennai,26.03,63.87,0.27
2026-10-02 15:44:26,C005,Potato,Hyderabad,Pune,29.51,70.28,0.16
2026-10-02 15:44:27,C002,Mango,Bengaluru,Chennai,28.73,66.2,0.16
2026-10-02 15:44:28,C002,Mango,Bengaluru,Chennai,28.21,67.61,0.27
2026-10-02 15:44:29,C005,Potato,Hyderabad,Pune,29.69,72.26,0.21
2026-10-02 15:44:30,C001,Tomato,Hyderabad,Mumbai,27.58,56.06,0.07
2026-10-02 15:44:31,C003,Apple,Pune,Hyderabad,25.86,55.38,0.16
2026-10-02 15:44:32,C005,Potato,Hyderabad,Pune,26.15,72.16,0.27
2026-10-02 15:44:33,C002,Mango,Bengaluru,Chennai,29.79,66.55,0.18
2026-10-02 15:44:34,C001,Tomato,Hyderabad,Mumbai,26.11,66.94,0.23
2026-10-02 15:44:35,C004,Banana,Chennai,Mumbai,23.41,68.48,0.09
2026-10-02 15:44:36,C005,Potato,Hyderabad,Pune,29.62,64.44,0.29
2026-10-02 15:44:37,C001,Tomato,Hyderabad,Mumbai,22.35,69.51,0.28
2026-10-02 15:44:38,C001,Tomato,Hyderabad,Mumbai,24.03,67.2,0.09
2026-10-02 15:44:39,C005,Potato,Hyderabad,Pune,26.96,69.69,0.23
2026-10-02 15:44:40,C004,Banana,Chennai,Mumbai,24.32,67.69,0.25
2026-10-02 15:44:41,C002,Mango,Bengaluru,Chennai,30.81,63.33,0.12
2026-10-02 15:44:42,C001,Tomato,Hyderabad,Mumbai,26.26,61.36,0.17
2026-10-02 15:44:43,C005,Potato,Hyderabad,Pune,26.42,62.55,0.09
2026-10-02 15:44:44,C004,Banana,Chennai,Mumbai,27.79,69.8,0.26
2026-10-02 15:44:45,C001,Tomato,Hyderabad,Mumbai,22.16,56.16,0.25
2026-10-02 15:44:46,C002,Mango,Bengaluru,Chennai,28.04,68.08,0.12
2026-10-02 15:44:47,C002,Mango,Bengaluru,Chennai,32.8,57.95,0.15
2026-10-02 15:44:48,C002,Mango,Bengaluru,Chennai,32.3,68.26,0.08
2026-10-02 15:44:49,C002,Mango,Bengaluru,Chennai,33.36,60.77,0.1
2026-10-02 15:44:50,C001,Tomato,Hyderabad,Mumbai,23.17,64.31,0.07
2026-10-02 15:44:51,C005,Potato,Hyderabad,Pune,31.03,77.41,0.07
2026-10-02 15:44:52,C001,Tomato,Hyderabad,Mumbai,24.55,61.67,0.13
2026-10-02 15:44:53,C004,Banana,Chennai,Mumbai,27.4,79.64,0.27
2026-10-02 15:44:54,C001,Tomato,Hyderabad,Mumbai,25.84,60.59,0.14
2026-10-02 15:44:55,C004,Banana,Chennai,Mumbai,23.14,74.62,0.26
2026-10-02 15:44:56,C002,Mango,Bengaluru,Chennai,32.8,58.31,0.25
2026-10-02 15:44:57,C003,Apple,Pune,Hyderabad,22.86,56.46,0.07
2026-10-02 15:44:58,C002,Mango,Bengaluru,Chennai,31.28,69.11,0.3
2026-10-02 15:44:59,C001,Tomato,Hyderabad,Mumbai,24.88,69.36,0.15
2026-10-02 15:45:00,C005,Potato,Hyderabad,Pune,31.93,77.56,0.06
2026-10-02 15:45:01,C002,Mango,Bengaluru,Chennai,34.31,69.5,0.23
2026-10-02 15:45:02,C002,Mango,Bengaluru,Chennai,29.09,57.55,0.23
2026-10-02 15:45:03,C002,Mango,Bengaluru,Chennai,34.64,56.69,0.21
2026-10-02 15:45:04,C003,Apple,Pune,Hyderabad,23.62,58.85,0.18
2026-10-02 15:45:05,C001,Tomato,Hyderabad,Mumbai,27.86,69.58,0.24
2026-10-02 15:45:06,C004,Banana,Chennai,Mumbai,22.43,79.49,0.27
2026-10-02 15:45:07,C002,Mango,Bengaluru,Chennai,30.74,57.51,0.05
2026-10-02 15:45:08,C001,Tomato,Hyderabad,Mumbai,26.18,57.47,0.15
2026-10-02 15:45:09,C004,Banana,Chennai,Mumbai,27.91,71.06,0.13
2026-10-02 15:45:10,C004,Banana,Chennai,Mumbai,22.12,72.23,0.06
2026-10-02 15:45:11,C003,Apple,Pune,Hyderabad,24.08,69.84,0.07
2026-10-02 15:45:12,C002,Mango,Bengaluru,Chennai,31.52,63.42,0.15
2026-10-02 15:45:13,C004,Banana,Chennai,Mumbai,24.06,81.89,0.16
2026-10-02 15:45:14,C003,Apple,Pune,Hyderabad,23.09,58.06,0.24
2026-10-02 15:45:15,C005,Potato,Hyderabad,Pune,28.9,78.84,0.1
2026-10-02 15:45:16,C002,Mango,Bengaluru,Chennai,32.53,62.05,0.19
2026-10-02 15:45:17,C004,Banana,Chennai,Mumbai,24.55,80.72,0.08
2026-10-02 15:45:18,C004,Banana,Chennai,Mumbai,26.61,81.23,0.26
2026-10-02 15:45:19,C002,Mango,Bengaluru,Chennai,32.58,57.17,0.18
2026-10-02 15:45:20,C002,Mango,Bengaluru,Chennai,31.21,69.32,0.08
2026-10-02 15:45:21,C003,Apple,Pune,Hyderabad,23.18,59.91,0.22
2026-10-02 15:45:22,C003,Apple,Pune,Hyderabad,27.41,59.0,0.17
2026-10-02 15:45:23,C003,Apple,Pune,Hyderabad,22.88,60.21,0.3
2026-10-02 15:45:24,C001,Tomato,Hyderabad,Mumbai,23.49,61.88,0.16
2026-10-02 15:45:25,C003,Apple,Pune,Hyderabad,25.9,61.15,0.25
2026-10-02 15:45:26,C003,Apple,Pune,Hyderabad,26.67,68.69,0.07
2026-10-02 15:45:27,C004,Banana,Chennai,Mumbai,24.03,85.34,0.16
2026-10-02 15:45:28,C005,Potato,Hyderabad,Pune,30.92,80.58,0.22
2026-10-02 15:45:29,C003,Apple,Pune,Hyderabad,26.75,59.84,0.19
2026-10-02 15:45:30,C005,Potato,Hyderabad,Pune,34.9,79.54,0.09
2026-10-02 15:45:31,C002,Mango,Bengaluru,Chennai,34.16,68.48,0.24
2026-10-02 15:45:32,C002,Mango,Bengaluru,Chennai,33.27,67.42,0.17
2026-10-02 15:45:33,C003,Apple,Pune,Hyderabad,22.07,63.79,0.27
2026-10-02 15:45:34,C003,Apple,Pune,Hyderabad,22.16,62.69,0.18
